{
  "hero": {
    "greeting": "Hello, I'm",
    "name": "John Doe",
    "title": "Full Stack Developer",
    "description": "Crafting beautiful, functional, and user-centric digital experiences with modern technologies and creative solutions."
  },
  "about": {
    "title": "About Me",
    "description": "I'm a passionate developer with over 5 years of experience in building web applications. I specialize in creating seamless user experiences with modern technologies and best practices. My journey in tech has been driven by curiosity and a constant desire to learn and grow.",
    "stats": [
      {
        "value": "5+",
        "label": "Years of Experience"
      },
      {
        "value": "50+",
        "label": "Projects Completed"
      },
      {
        "value": "30+",
        "label": "Happy Clients"
      }
    ]
  },
  "skills": {
    "title": "Skills & Expertise",
    "categories": [
      {
        "name": "Frontend Development",
        "icon": "🎨",
        "items": [
          "React & Next.js",
          "Vue.js & Nuxt",
          "TypeScript",
          "Tailwind CSS",
          "HTML5 & CSS3"
        ]
      },
      {
        "name": "Backend Development",
        "icon": "⚙️",
        "items": [
          "Node.js & Express",
          "Python & Django",
          "REST APIs",
          "GraphQL",
          "Database Design"
        ]
      },
      {
        "name": "Tools & DevOps",
        "icon": "🛠️",
        "items": [
          "Git & GitHub",
          "Docker & Kubernetes",
          "AWS & Azure",
          "CI/CD Pipelines",
          "Agile Methodology"
        ]
      }
    ]
  },
  "projects": {
    "title": "Featured Projects",
    "items": [
      {
        "title": "E-Commerce Platform",
        "description": "A modern e-commerce platform with real-time inventory management, payment integration, and advanced analytics dashboard.",
        "image": "https://images.unsplash.com/photo-1557821552-17105176677c?w=800&h=600&fit=crop",
        "tags": ["React", "Node.js", "MongoDB", "Stripe"],
        "liveUrl": "#",
        "githubUrl": "#"
      },
      {
        "title": "Task Management App",
        "description": "Collaborative task management application with real-time updates, team chat, and project timeline visualization.",
        "image": "https://images.unsplash.com/photo-1454165804606-c3d57bc86b40?w=800&h=600&fit=crop",
        "tags": ["Vue.js", "Firebase", "Tailwind", "Socket.io"],
        "liveUrl": "#",
        "githubUrl": "#"
      },
      {
        "title": "AI Content Generator",
        "description": "AI-powered content generation tool that helps create blog posts, social media content, and marketing copy in seconds.",
        "image": "https://images.unsplash.com/photo-1677442136019-21780ecad995?w=800&h=600&fit=crop",
        "tags": ["Next.js", "OpenAI", "PostgreSQL", "TypeScript"],
        "liveUrl": "#",
        "githubUrl": "#"
      },
      {
        "title": "Fitness Tracking App",
        "description": "Mobile-first fitness tracking application with workout plans, nutrition tracking, and progress analytics.",
        "image": "https://images.unsplash.com/photo-1517836357463-d25dfeac3438?w=800&h=600&fit=crop",
        "tags": ["React Native", "Express", "MySQL", "Chart.js"],
        "liveUrl": "#",
        "githubUrl": "#"
      },
      {
        "title": "Real Estate Portal",
        "description": "Comprehensive real estate listing platform with advanced search filters, virtual tours, and mortgage calculator.",
        "image": "https://images.unsplash.com/photo-1560518883-ce09059eeffa?w=800&h=600&fit=crop",
        "tags": ["Angular", "Django", "PostgreSQL", "Mapbox"],
        "liveUrl": "#",
        "githubUrl": "#"
      },
      {
        "title": "Social Media Dashboard",
        "description": "Unified dashboard for managing multiple social media accounts with scheduled posting and analytics.",
        "image": "https://images.unsplash.com/photo-1611162617474-5b21e879e113?w=800&h=600&fit=crop",
        "tags": ["React", "GraphQL", "Redis", "Bull Queue"],
        "liveUrl": "#",
        "githubUrl": "#"
      }
    ]
  },
  "testimonials": {
    "title": "What Clients Say",
    "items": [
      {
        "name": "Sarah Johnson",
        "position": "CEO, TechStart Inc",
        "avatar": "https://images.unsplash.com/photo-1494790108377-be9c29b29330?w=200&h=200&fit=crop",
        "text": "Working with John was an absolute pleasure. He delivered our project ahead of schedule and exceeded all our expectations. Highly recommended!",
        "rating": 5
      },
      {
        "name": "Michael Chen",
        "position": "Product Manager, InnovateCo",
        "avatar": "https://images.unsplash.com/photo-1507003211169-0a1dd7228f2d?w=200&h=200&fit=crop",
        "text": "John's technical expertise and attention to detail is unmatched. He transformed our vision into a beautiful, functional product that our users love.",
        "rating": 5
      },
      {
        "name": "Emily Rodriguez",
        "position": "Founder, DesignHub",
        "avatar": "https://images.unsplash.com/photo-1438761681033-6461ffad8d80?w=200&h=200&fit=crop",
        "text": "Exceptional developer with great communication skills. John not only built what we asked for but also suggested improvements that made the product better.",
        "rating": 5
      }
    ]
  },
  "contact": {
    "title": "Get In Touch",
    "description": "Have a question or want to work together? Feel free to reach out!",
    "info": [
      {
        "label": "Email",
        "value": "john.doe@example.com",
        "link": "mailto:john.doe@example.com",
        "icon": "<svg class=\"w-6 h-6\" fill=\"none\" stroke=\"currentColor\" viewBox=\"0 0 24 24\"><path stroke-linecap=\"round\" stroke-linejoin=\"round\" stroke-width=\"2\" d=\"M3 8l7.89 5.26a2 2 0 002.22 0L21 8M5 19h14a2 2 0 002-2V7a2 2 0 00-2-2H5a2 2 0 00-2 2v10a2 2 0 002 2z\"></path></svg>"
      },
      {
        "label": "Phone",
        "value": "+1 (555) 123-4567",
        "link": "tel:+15551234567",
        "icon": "<svg class=\"w-6 h-6\" fill=\"none\" stroke=\"currentColor\" viewBox=\"0 0 24 24\"><path stroke-linecap=\"round\" stroke-linejoin=\"round\" stroke-width=\"2\" d=\"M3 5a2 2 0 012-2h3.28a1 1 0 01.948.684l1.498 4.493a1 1 0 01-.502 1.21l-2.257 1.13a11.042 11.042 0 005.516 5.516l1.13-2.257a1 1 0 011.21-.502l4.493 1.498a1 1 0 01.684.949V19a2 2 0 01-2 2h-1C9.716 21 3 14.284 3 6V5z\"></path></svg>"
      },
      {
        "label": "Location",
        "value": "San Francisco, CA",
        "link": "#",
        "icon": "<svg class=\"w-6 h-6\" fill=\"none\" stroke=\"currentColor\" viewBox=\"0 0 24 24\"><path stroke-linecap=\"round\" stroke-linejoin=\"round\" stroke-width=\"2\" d=\"M17.657 16.657L13.414 20.9a1.998 1.998 0 01-2.827 0l-4.244-4.243a8 8 0 1111.314 0z\"></path><path stroke-linecap=\"round\" stroke-linejoin=\"round\" stroke-width=\"2\" d=\"M15 11a3 3 0 11-6 0 3 3 0 016 0z\"></path></svg>"
      }
    ],
    "social": [
      {
        "name": "GitHub",
        "url": "https://github.com",
        "icon": "<svg class=\"w-6 h-6\" fill=\"currentColor\" viewBox=\"0 0 24 24\"><path d=\"M12 0c-6.626 0-12 5.373-12 12 0 5.302 3.438 9.8 8.207 11.387.599.111.793-.261.793-.577v-2.234c-3.338.726-4.033-1.416-4.033-1.416-.546-1.387-1.333-1.756-1.333-1.756-1.089-.745.083-.729.083-.729 1.205.084 1.839 1.237 1.839 1.237 1.07 1.834 2.807 1.304 3.492.997.107-.775.418-1.305.762-1.604-2.665-.305-5.467-1.334-5.467-5.931 0-1.311.469-2.381 1.236-3.221-.124-.303-.535-1.524.117-3.176 0 0 1.008-.322 3.301 1.23.957-.266 1.983-.399 3.003-.404 1.02.005 2.047.138 3.006.404 2.291-1.552 3.297-1.23 3.297-1.23.653 1.653.242 2.874.118 3.176.77.84 1.235 1.911 1.235 3.221 0 4.609-2.807 5.624-5.479 5.921.43.372.823 1.102.823 2.222v3.293c0 .319.192.694.801.576 4.765-1.589 8.199-6.086 8.199-11.386 0-6.627-5.373-12-12-12z\"/></svg>"
      },
      {
        "name": "LinkedIn",
        "url": "https://linkedin.com",
        "icon": "<svg class=\"w-6 h-6\" fill=\"currentColor\" viewBox=\"0 0 24 24\"><path d=\"M20.447 20.452h-3.554v-5.569c0-1.328-.027-3.037-1.852-3.037-1.853 0-2.136 1.445-2.136 2.939v5.667H9.351V9h3.414v1.561h.046c.477-.9 1.637-1.85 3.37-1.85 3.601 0 4.267 2.37 4.267 5.455v6.286zM5.337 7.433c-1.144 0-2.063-.926-2.063-2.065 0-1.138.92-2.063 2.063-2.063 1.14 0 2.064.925 2.064 2.063 0 1.139-.925 2.065-2.064 2.065zm1.782 13.019H3.555V9h3.564v11.452zM22.225 0H1.771C.792 0 0 .774 0 1.729v20.542C0 23.227.792 24 1.771 24h20.451C23.2 24 24 23.227 24 22.271V1.729C24 .774 23.2 0 22.222 0h.003z\"/></svg>"
      },
      {
        "name": "Twitter",
        "url": "https://twitter.com",
        "icon": "<svg class=\"w-6 h-6\" fill=\"currentColor\" viewBox=\"0 0 24 24\"><path d=\"M23.953 4.57a10 10 0 01-2.825.775 4.958 4.958 0 002.163-2.723c-.951.555-2.005.959-3.127 1.184a4.92 4.92 0 00-8.384 4.482C7.69 8.095 4.067 6.13 1.64 3.162a4.822 4.822 0 00-.666 2.475c0 1.71.87 3.213 2.188 4.096a4.904 4.904 0 01-2.228-.616v.06a4.923 4.923 0 003.946 4.827 4.996 4.996 0 01-2.212.085 4.936 4.936 0 004.604 3.417 9.867 9.867 0 01-6.102 2.105c-.39 0-.779-.023-1.17-.067a13.995 13.995 0 007.557 2.209c9.053 0 13.998-7.496 13.998-13.985 0-.21 0-.42-.015-.63A9.935 9.935 0 0024 4.59z\"/></svg>"
      },
      {
        "name": "Dribbble",
        "url": "https://dribbble.com",
        "icon": "<svg class=\"w-6 h-6\" fill=\"currentColor\" viewBox=\"0 0 24 24\"><path d=\"M12 24C5.385 24 0 18.615 0 12S5.385 0 12 0s12 5.385 12 12-5.385 12-12 12zm10.12-10.358c-.35-.11-3.17-.953-6.384-.438 1.34 3.684 1.887 6.684 1.992 7.308 2.3-1.555 3.936-4.02 4.395-6.87zm-6.115 7.808c-.153-.9-.75-4.032-2.19-7.77l-.066.02c-5.79 2.015-7.86 6.025-8.04 6.4 1.73 1.358 3.92 2.166 6.29 2.166 1.42 0 2.77-.29 4-.814zm-11.62-2.58c.232-.4 3.045-5.055 8.332-6.765.135-.045.27-.084.405-.12-.26-.585-.54-1.167-.832-1.74C7.17 11.775 2.206 11.71 1.756 11.7l-.004.312c0 2.633.998 5.037 2.634 6.855zm-2.42-8.955c.46.008 4.683.026 9.477-1.248-1.698-3.018-3.53-5.558-3.8-5.928-2.868 1.35-5.01 3.99-5.676 7.17zM9.6 2.052c.282.38 2.145 2.914 3.822 6 3.645-1.365 5.19-3.44 5.373-3.702-1.81-1.61-4.19-2.586-6.795-2.586-.825 0-1.63.1-2.4.285zm10.335 3.483c-.218.29-1.935 2.493-5.724 4.04.24.49.47.985.68 1.486.08.18.15.36.22.53 3.41-.43 6.8.26 7.14.33-.02-2.42-.88-4.64-2.31-6.38z\"/></svg>"
      }
    ]
  },
  "footer": {
    "text": "&copy; 2024 John Doe. All rights reserved. Built with ❤️ using Tailwind CSS"
  }
}
